項目,網址
詳全文：律師觀點：合法卻要取締，機車兩段式左轉的謬誤,https://tw.appledaily.com/http://www.appledaily.com.tw/realtimenews/article/new/20171113/1240281/
詳全文：騎士「瘋狂待轉」衝撞，看見硬拗民主缺少思辨,https://tw.appledaily.com/http://www.appledaily.com.tw/realtimenews/article/new/20171113/1240171/
詳全文：國中校長 ：教師工作權與學生受教權，孰重？,https://tw.appledaily.com/http://www.appledaily.com.tw/realtimenews/article/new/20171113/1240054/
詳全文：張競：軍容雖壯盛　曝露民族自信心不足,https://tw.appledaily.com/http://www.appledaily.com.tw/realtimenews/article/new/20171113/1240146/
詳全文：前中正航空站主任：桃機徵地預算三級跳  不宜由全民買單,https://tw.appledaily.com/http://www.appledaily.com.tw/realtimenews/article/new/20171113/1240078/
詳全文：身障兒媽媽：從我的二個孩子來看兒童遊戲權,https://tw.appledaily.com/http://www.appledaily.com.tw/realtimenews/article/new/20171113/1240103/
詳全文： 從黑格爾的「正反合」辯證與黑天鵝效應 看阿伯的虐狗事件,https://tw.appledaily.com/http://www.appledaily.com.tw/realtimenews/article/new/20171113/1240065/
詳全文：一位技術員心聲：請政府與人民共同編織產業升級的蛹口,https://tw.appledaily.com/http://www.appledaily.com.tw/realtimenews/article/new/20171113/1239845/
詳全文：漂浪島嶼／郭志榮專欄：當「工業五缺」拼「人民四害」,https://tw.appledaily.com/http://www.appledaily.com.tw/realtimenews/article/new/20171113/1240041/
詳全文：史丹利：老派傑尼斯,https://tw.appledaily.com/http://www.appledaily.com.tw/realtimenews/article/new/20171113/1239998/
詳全文：劉黎兒專欄：空屋 少子與房價,https://tw.appledaily.com/http://www.appledaily.com.tw/realtimenews/article/new/20171113/1239968/
詳全文：吳惠林專欄：今年諾貝爾經濟學獎鼓勵投機？,https://tw.appledaily.com/http://www.appledaily.com.tw/realtimenews/article/new/20171113/1239967/
詳全文：鍾邦友：全民綠能屋頂美夢恐幻滅,https://tw.appledaily.com/http://www.appledaily.com.tw/realtimenews/article/new/20171113/1239966/
詳全文：北市醫師工會法律顧問：醫師節 醫師不快樂,https://tw.appledaily.com/http://www.appledaily.com.tw/realtimenews/article/new/20171113/1239965/
詳全文：陳威仲：APEC暗示貿易談判或將轉向,https://tw.appledaily.com/http://www.appledaily.com.tw/realtimenews/article/new/20171113/1239964/
詳全文：涂予尹：水利會機關化 此其時矣,https://tw.appledaily.com/http://www.appledaily.com.tw/realtimenews/article/new/20171113/1239962/
